postcode,Anti-social behaviour_1,Anti-social behaviour_2,Anti-social behaviour_3,Anti-social behaviour_4,Anti-social behaviour_5,Anti-social behaviour_6,Anti-social behaviour_7,Anti-social behaviour_8,Anti-social behaviour_9,Anti-social behaviour_10,Anti-social behaviour_11,Anti-social behaviour_12,Bicycle theft_1,Bicycle theft_2,Bicycle theft_3,Bicycle theft_4,Bicycle theft_5,Bicycle theft_6,Bicycle theft_7,Bicycle theft_8,Bicycle theft_9,Bicycle theft_10,Bicycle theft_11,Bicycle theft_12,Burglary_1,Burglary_2,Burglary_3,Burglary_4,Burglary_5,Burglary_6,Burglary_7,Burglary_8,Burglary_9,Burglary_10,Burglary_11,Burglary_12,Criminal damage and arson_1,Criminal damage and arson_2,Criminal damage and arson_3,Criminal damage and arson_4,Criminal damage and arson_5,Criminal damage and arson_6,Criminal damage and arson_7,Criminal damage and arson_8,Criminal damage and arson_9,Criminal damage and arson_10,Criminal damage and arson_11,Criminal damage and arson_12,Drugs_1,Drugs_2,Drugs_3,Drugs_4,Drugs_5,Drugs_6,Drugs_7,Drugs_8,Drugs_9,Drugs_10,Drugs_11,Drugs_12,Other crime_1,Other crime_2,Other crime_3,Other crime_4,Other crime_5,Other crime_6,Other crime_7,Other crime_8,Other crime_9,Other crime_10,Other crime_11,Other crime_12,Other theft_1,Other theft_2,Other theft_3,Other theft_4,Other theft_5,Other theft_6,Other theft_7,Other theft_8,Other theft_9,Other theft_10,Other theft_11,Other theft_12,Possession of weapons_1,Possession of weapons_2,Possession of weapons_3,Possession of weapons_4,Possession of weapons_5,Possession of weapons_6,Possession of weapons_7,Possession of weapons_8,Possession of weapons_9,Possession of weapons_10,Possession of weapons_11,Possession of weapons_12,Public order_1,Public order_2,Public order_3,Public order_4,Public order_5,Public order_6,Public order_7,Public order_8,Public order_9,Public order_10,Public order_11,Public order_12,Robbery_1,Robbery_2,Robbery_3,Robbery_4,Robbery_5,Robbery_6,Robbery_7,Robbery_8,Robbery_9,Robbery_10,Robbery_11,Robbery_12,Shoplifting_1,Shoplifting_2,Shoplifting_3,Shoplifting_4,Shoplifting_5,Shoplifting_6,Shoplifting_7,Shoplifting_8,Shoplifting_9,Shoplifting_10,Shoplifting_11,Shoplifting_12,Theft from the person_1,Theft from the person_2,Theft from the person_3,Theft from the person_4,Theft from the person_5,Theft from the person_6,Theft from the person_7,Theft from the person_8,Theft from the person_9,Theft from the person_10,Theft from the person_11,Theft from the person_12,Vehicle crime_1,Vehicle crime_2,Vehicle crime_3,Vehicle crime_4,Vehicle crime_5,Vehicle crime_6,Vehicle crime_7,Vehicle crime_8,Vehicle crime_9,Vehicle crime_10,Vehicle crime_11,Vehicle crime_12,Violence and sexual offences_1,Violence and sexual offences_2,Violence and sexual offences_3,Violence and sexual offences_4,Violence and sexual offences_5,Violence and sexual offences_6,Violence and sexual offences_7,Violence and sexual offences_8,Violence and sexual offences_9,Violence and sexual offences_10,Violence and sexual offences_11,Violence and sexual offences_12
E1,16,11,12,484,12,16,9,684,536,14,444,2,3,1,2,66,10,6,4,44,53,6,62,2,2,6,1,103,6,10,3,91,72,2,74,1,6,3,4,67,2,3,0,50,46,4,48,1,12,8,2,83,3,6,9,83,73,11,113,11,0,0,1,10,1,1,1,11,12,2,13,0,20,34,14,240,40,35,15,144,151,34,177,6,1,1,0,10,1,0,0,9,5,0,11,1,2,4,1,56,4,2,1,72,68,5,71,2,4,1,1,60,2,5,1,37,33,3,44,0,2,4,0,28,2,5,1,21,30,1,23,0,14,11,2,85,18,15,3,73,55,25,68,1,4,3,1,89,3,5,1,86,103,1,100,3,4.0,13,6,255,16,26,4,258,269,21,262,7
E10,0,0,0,103,0,0,0,128,115,0,93,0,0,0,0,7,0,0,0,8,13,0,6,0,0,0,0,28,0,0,0,16,20,0,21,0,0,0,0,31,0,0,0,16,15,0,27,0,0,0,0,43,0,0,0,51,40,0,31,0,0,0,0,6,0,0,0,3,2,0,9,0,0,0,0,39,0,0,0,36,21,0,42,0,0,0,0,3,0,0,0,5,2,0,3,0,0,0,0,12,0,0,0,29,13,0,19,0,0,0,0,13,0,0,0,7,6,0,13,0,0,0,0,10,0,0,0,14,5,0,6,0,0,0,0,10,0,0,0,5,3,0,15,0,0,0,0,47,0,0,0,43,57,0,51,0,0.0,0,0,111,0,0,0,86,97,0,99,0
E11,26,0,0,89,43,0,0,134,93,0,85,0,1,0,0,15,3,0,0,26,13,0,8,0,25,0,0,32,11,0,0,30,38,0,33,1,3,0,0,12,5,0,0,24,31,0,23,0,1,0,0,20,1,0,0,32,31,0,34,0,0,0,0,16,0,0,0,8,5,0,5,0,9,0,0,37,12,0,0,29,26,0,31,0,0,0,0,4,0,0,0,2,5,0,2,0,1,0,0,23,6,0,0,14,18,0,22,0,2,0,0,13,5,0,0,13,20,0,7,0,2,0,0,7,1,0,0,8,14,0,10,0,0,0,0,17,5,0,0,6,7,0,7,0,29,0,0,81,23,0,0,64,73,0,69,0,12.0,0,0,97,30,0,0,99,70,0,85,0
E12,66,0,0,91,83,0,0,87,78,0,88,0,2,0,0,1,1,0,0,2,2,0,1,0,17,0,0,15,21,0,0,26,5,0,3,0,13,0,0,20,13,0,0,14,17,0,16,0,18,0,0,16,14,0,0,22,33,0,15,0,3,0,0,5,4,0,0,4,6,0,1,0,18,0,0,27,25,0,0,31,17,0,31,0,0,0,0,2,1,0,0,2,1,0,2,0,5,0,0,10,11,0,0,15,12,0,4,0,7,0,0,8,8,0,0,6,7,0,15,0,1,0,0,5,1,0,0,4,3,0,1,0,7,0,0,8,9,0,0,3,5,0,6,0,53,0,0,42,33,0,0,29,29,0,42,0,75.0,0,0,71,79,0,0,63,100,0,98,0
E13,98,0,0,90,112,0,0,116,105,0,107,0,0,0,0,4,2,0,0,3,1,0,2,0,40,0,0,27,19,0,0,31,19,0,30,0,16,0,0,20,25,0,0,20,28,0,26,0,13,0,0,26,23,0,0,33,38,0,18,0,7,0,0,7,1,0,0,5,4,0,1,0,40,0,0,49,58,0,0,30,28,0,50,0,4,0,0,5,5,0,0,1,4,0,1,0,21,0,0,14,18,0,0,30,21,0,33,0,23,0,0,33,18,0,0,30,21,0,26,0,20,0,0,10,21,0,0,23,16,0,30,0,16,0,0,27,28,0,0,15,9,0,26,0,76,0,0,32,39,0,0,23,40,0,37,0,106.0,0,0,113,141,0,0,100,95,0,109,0
E14,0,0,0,294,0,0,0,454,346,0,300,0,0,0,0,8,0,0,0,10,14,0,3,0,0,0,0,37,0,0,0,69,55,0,64,0,0,0,0,43,0,0,0,47,40,0,57,0,0,0,0,45,0,0,0,39,28,0,45,0,0,0,0,4,0,0,0,1,7,0,14,0,0,0,0,86,0,0,0,69,63,0,76,0,0,0,0,8,0,0,0,4,6,0,12,0,0,0,0,39,0,0,0,46,40,0,33,0,0,0,0,24,0,0,0,32,27,0,47,0,0,0,0,28,0,0,0,26,20,0,30,0,0,0,0,14,0,0,0,13,14,0,20,0,0,0,0,81,0,0,0,83,116,0,143,0,0.0,0,1,202,0,0,0,197,214,0,180,0
E15,141,0,0,144,212,0,0,194,175,2,171,0,15,0,0,13,26,0,0,26,11,0,17,0,49,0,0,38,39,1,0,38,57,0,27,0,35,0,0,31,35,0,0,33,25,0,45,0,41,1,0,58,67,0,0,80,106,0,48,0,5,0,0,8,11,0,0,7,13,0,3,0,93,0,0,93,109,2,0,65,64,0,94,1,6,0,0,7,5,0,0,7,3,0,4,0,35,0,0,30,30,0,0,51,40,0,48,0,41,0,0,56,45,2,0,39,29,0,57,0,78,0,0,88,80,0,0,71,59,0,60,0,65,1,0,77,42,0,0,25,35,0,63,0,70,0,0,62,64,0,0,47,53,0,41,0,156.0,0,0,151,174,0,0,155,144,0,147,0
E16,85,0,0,87,114,0,0,120,100,0,98,0,5,0,0,6,2,0,0,3,7,0,4,0,36,0,0,23,30,0,0,36,20,0,30,0,30,0,0,30,39,0,0,37,19,0,34,0,22,0,0,15,27,0,1,38,33,0,10,0,12,0,0,11,16,0,0,4,12,0,5,0,56,0,0,70,34,0,0,33,30,0,44,0,6,0,0,3,6,0,0,5,4,0,0,0,19,0,0,19,20,0,0,19,15,0,21,0,13,0,0,10,22,0,0,27,18,0,24,0,4,0,0,4,4,0,0,8,15,0,7,0,7,0,0,7,10,0,0,8,5,0,13,0,76,0,0,108,62,0,0,68,56,0,64,0,91.0,0,0,101,124,0,0,100,116,0,112,0
E17,0,0,0,270,0,0,0,289,301,0,259,0,0,0,0,11,0,0,0,25,29,0,26,0,0,0,0,78,0,0,0,37,47,0,80,0,0,0,0,61,0,0,0,47,42,0,48,0,0,0,0,49,0,0,0,62,42,0,30,0,0,0,0,10,0,0,0,10,6,0,7,0,0,0,0,129,0,0,0,89,86,0,91,0,0,0,0,9,0,0,0,6,3,0,6,0,0,0,0,41,0,0,0,47,31,0,37,0,0,0,0,27,0,0,0,30,35,0,29,0,0,0,0,33,0,0,0,28,29,0,36,0,0,0,0,44,0,0,0,15,22,0,46,1,0,0,0,89,0,0,0,78,96,0,131,0,0.0,0,0,174,0,0,0,218,208,0,214,0
E18,17,0,0,32,27,0,0,24,19,0,23,0,0,0,0,1,1,0,0,3,2,0,2,0,23,0,0,23,11,0,0,8,12,0,10,0,5,0,0,8,8,0,0,9,11,0,6,0,0,0,0,4,0,0,0,2,0,0,2,0,1,0,0,0,0,0,0,0,1,0,1,0,12,0,0,10,14,0,0,4,5,0,10,0,0,0,0,0,0,0,0,0,0,0,1,0,9,0,0,9,5,0,0,2,3,0,5,0,0,0,0,7,1,0,0,4,2,0,1,0,4,0,0,1,7,0,0,2,8,0,6,0,2,0,0,10,4,0,0,0,5,0,2,0,27,0,0,37,32,0,0,30,24,0,34,0,29.0,0,0,26,20,0,0,20,20,0,21,0
E2,25,20,0,188,58,23,0,290,246,37,168,0,5,4,0,44,12,5,0,38,32,10,29,0,6,9,0,62,15,6,0,52,61,7,46,0,5,5,0,24,12,1,0,24,19,4,28,0,3,3,0,45,12,6,0,39,42,5,63,0,0,0,0,3,0,2,0,6,6,0,13,0,21,23,0,91,32,23,0,68,58,17,50,0,1,2,0,6,4,0,0,4,3,2,3,0,6,7,0,41,12,5,0,34,35,5,26,0,14,8,0,29,7,12,0,29,19,6,32,0,1,0,0,17,2,1,0,21,11,5,11,0,22,12,0,52,23,10,0,43,43,28,49,0,12,8,0,43,11,6,0,35,46,8,65,0,35.0,14,0,117,53,21,0,123,119,26,130,0
E3,0,0,0,244,128,0,0,285,229,0,228,0,0,0,0,27,14,0,0,22,20,0,18,0,0,0,0,59,12,0,0,40,66,0,63,0,0,0,0,35,17,0,0,33,24,0,49,0,0,0,0,43,21,0,0,39,38,0,40,0,0,0,0,3,0,1,0,3,5,0,6,0,1,0,0,68,47,0,0,42,44,0,47,0,0,0,0,6,4,0,0,1,3,0,5,0,0,0,0,29,14,0,0,35,24,0,30,0,0,0,0,25,11,0,0,26,29,0,37,0,0,0,0,12,6,0,0,9,14,0,12,0,0,0,0,16,15,0,0,15,10,0,19,0,0,0,0,58,27,0,0,53,48,0,84,0,1.0,0,0,148,56,0,0,122,132,0,156,0
E4,0,0,0,89,0,0,0,122,97,0,132,0,0,0,0,4,0,0,0,1,4,0,2,0,0,0,0,17,0,0,0,40,54,0,72,0,0,0,0,29,0,0,0,27,22,0,24,0,0,0,0,18,1,1,0,6,15,0,19,0,0,0,0,4,0,0,0,1,8,0,2,0,0,0,0,34,0,0,0,33,37,0,37,0,0,0,0,5,0,0,0,2,4,0,6,0,0,0,0,26,0,0,0,16,24,0,27,0,0,0,0,7,0,0,0,6,17,0,19,0,0,0,0,8,0,0,0,15,13,0,7,0,0,0,0,1,0,0,0,3,3,0,10,0,0,0,0,66,0,0,0,86,100,0,113,0,0.0,0,0,112,0,0,0,91,108,0,118,0
E5,104,101,0,117,140,127,0,148,138,137,108,0,8,7,0,16,14,17,0,17,14,13,6,0,57,43,0,67,30,50,0,35,52,41,25,0,32,20,0,18,30,29,0,13,34,21,19,0,10,9,0,31,24,22,0,10,18,12,29,0,2,1,0,7,3,5,0,4,5,3,0,0,36,50,0,37,37,31,0,44,34,33,33,0,4,4,0,7,3,3,0,3,5,3,2,0,16,20,0,30,26,17,0,19,18,22,25,0,17,23,0,36,21,18,0,14,30,29,25,0,7,6,0,6,5,5,0,9,17,25,29,0,11,21,0,11,12,12,0,8,12,18,8,0,48,57,0,46,55,45,0,48,43,65,48,0,124.0,89,0,104,117,109,0,107,107,109,109,0
E6,127,0,0,130,175,0,0,154,172,0,145,0,3,0,0,6,2,0,0,12,7,0,7,0,49,0,0,34,28,0,0,33,40,0,55,0,32,0,0,33,48,0,0,39,29,0,51,0,29,0,0,55,45,0,0,64,60,0,46,0,4,0,0,8,5,0,0,3,11,0,7,0,62,0,0,56,79,0,0,50,49,0,63,0,9,0,0,3,5,0,0,0,3,0,6,0,28,0,0,33,24,0,0,20,31,0,28,0,36,0,0,36,33,0,0,30,14,0,59,0,23,0,0,26,51,0,0,45,53,0,38,0,37,0,0,49,48,0,0,24,21,0,36,0,116,0,0,75,81,0,0,59,52,0,69,0,188.0,0,0,155,215,0,0,147,149,0,172,0
E7,101,0,0,110,123,0,0,148,105,0,102,0,2,0,0,6,3,0,0,3,6,0,3,0,30,0,0,18,27,0,0,28,16,0,20,0,20,0,0,43,26,0,0,24,27,0,17,0,16,0,0,13,21,0,0,33,45,0,10,0,4,0,0,1,6,0,0,6,7,0,6,0,35,0,0,33,39,0,0,28,21,0,42,0,5,0,0,5,4,0,0,5,2,0,4,0,20,0,0,16,24,0,0,19,23,0,21,0,9,0,0,22,27,0,0,15,15,0,22,0,6,0,0,6,5,0,0,6,5,0,5,0,7,0,0,17,11,0,0,11,6,0,14,0,55,0,0,63,55,0,0,47,51,0,35,0,102.0,0,0,93,121,0,0,141,105,0,116,0
E8,160,131,0,146,194,157,0,166,156,157,154,0,35,27,0,46,53,42,0,51,43,61,40,0,62,59,0,73,44,67,0,51,55,61,47,0,29,26,0,38,33,29,0,37,25,29,28,0,24,19,0,20,24,24,0,28,39,19,34,0,6,11,0,6,6,4,0,7,2,4,4,0,86,88,0,79,91,95,0,97,71,81,62,0,2,2,0,6,2,3,0,2,7,2,8,0,30,32,0,32,41,42,0,41,41,35,33,0,29,34,0,39,29,30,0,29,23,39,37,0,27,22,0,33,36,30,0,40,34,42,41,0,55,71,0,62,41,70,0,41,63,80,73,0,66,54,0,43,51,71,0,48,45,43,52,0,116.0,114,0,147,157,142,0,155,122,125,127,0
E9,86,63,0,76,109,116,0,98,94,79,88,0,13,13,0,12,21,27,0,35,19,12,8,0,30,56,0,56,32,47,0,34,34,25,40,0,33,24,0,21,30,21,0,26,26,29,17,0,14,21,1,17,18,20,0,16,13,9,12,0,4,1,0,1,2,6,0,3,4,3,7,0,51,29,0,46,41,40,0,31,33,28,21,0,1,6,0,7,5,2,0,0,0,3,4,0,25,19,0,21,23,18,0,28,23,28,22,0,8,21,0,32,19,15,0,11,27,14,18,0,6,3,0,3,0,3,0,5,7,9,10,0,7,5,0,8,11,12,0,6,7,10,23,0,41,47,0,41,45,48,0,41,41,38,30,0,133.0,109,0,119,138,127,0,124,107,120,108,0
EC1,81,79,29,89,115,36,51,131,108,46,113,5,27,19,8,37,44,15,10,12,28,8,17,4,39,43,12,54,28,17,11,34,52,12,43,3,13,28,2,19,19,12,2,18,15,7,15,4,13,10,4,13,10,6,10,20,8,12,30,5,2,2,1,1,2,3,4,10,4,0,2,1,113,124,33,182,171,59,47,120,112,53,137,26,2,3,0,3,3,1,2,7,1,1,1,0,19,25,9,28,19,6,7,16,35,5,19,1,19,19,2,23,18,6,4,45,22,8,34,2,15,12,7,22,11,17,13,13,11,9,14,3,94,78,9,87,69,21,14,148,121,45,90,10,36,21,7,37,44,14,9,26,32,16,30,11,93.0,94,27,89,82,25,19,87,96,36,98,7
EC2,68,67,32,56,52,42,25,65,56,52,54,28,14,17,11,35,33,24,14,31,19,24,17,2,26,19,5,26,19,20,7,23,15,16,15,9,7,13,6,9,12,7,6,16,25,14,15,5,17,26,18,25,20,28,34,29,45,47,52,31,2,0,3,4,2,6,3,7,8,8,7,4,99,74,64,156,114,106,77,127,96,96,162,63,4,3,3,2,1,8,4,2,4,1,4,1,15,21,14,18,14,16,14,18,18,19,19,17,8,13,7,10,14,14,1,18,32,25,27,5,33,17,27,21,24,29,29,36,17,16,25,12,41,45,12,57,71,44,29,106,94,77,83,24,24,15,4,15,19,9,5,17,23,10,8,3,57.0,61,46,72,62,54,34,81,70,76,86,46
EC3,24,23,43,38,23,29,24,27,30,21,23,14,5,2,6,15,9,10,8,13,5,4,5,2,5,7,8,7,10,9,7,10,6,6,9,7,1,1,4,6,7,3,5,6,3,14,8,6,5,6,6,9,2,10,3,11,12,8,8,12,2,1,4,4,2,6,3,5,4,2,3,4,52,66,87,118,84,94,49,51,63,70,54,66,0,0,1,1,1,0,2,0,1,1,4,2,7,10,7,10,6,7,11,10,9,8,10,11,3,2,3,4,4,9,4,2,1,4,7,4,30,32,36,31,26,31,24,30,23,32,23,27,14,23,12,13,19,25,21,17,19,22,31,16,4,3,1,0,2,5,2,7,5,7,5,2,20.0,25,34,20,18,20,20,27,23,39,39,26
EC4,24,28,44,26,17,27,31,22,23,30,30,22,7,12,8,14,12,13,11,12,8,9,7,6,11,12,13,6,15,10,2,8,9,16,9,8,5,7,6,5,7,8,4,2,9,6,5,7,7,9,6,5,7,6,12,7,12,18,7,10,1,0,3,1,2,3,2,5,8,4,5,0,47,53,83,104,82,103,68,61,49,64,83,63,1,0,1,1,2,2,2,1,2,1,2,4,3,8,6,12,6,9,20,13,12,15,19,10,4,2,4,4,2,8,6,4,3,2,8,3,11,17,18,18,25,26,20,17,18,13,14,8,11,14,16,13,12,23,17,26,17,24,29,23,5,3,3,0,3,2,3,1,6,5,6,3,8.5,25,26,19,13,29,40,32,35,27,32,33
N1,260,284,6,265,243,121,17,350,298,87,247,0,40,32,6,49,33,18,2,52,57,24,54,0,115,82,0,84,79,29,3,94,100,46,80,0,76,60,0,42,46,18,0,47,57,14,51,0,46,48,2,42,55,7,1,46,43,7,58,0,8,6,1,10,13,3,0,8,5,3,12,0,241,180,27,229,239,61,19,199,163,64,209,0,11,5,0,7,12,1,0,10,7,1,4,0,51,61,2,52,47,14,1,59,58,17,73,0,55,61,2,64,53,26,2,75,48,24,78,0,83,90,7,68,67,16,5,68,70,12,89,0,144,137,10,135,142,62,8,156,129,102,171,0,134,85,0,100,121,55,2,98,128,44,109,0,240.0,217,12,232,242,69,14,208,249,67,256,0
N10,45,48,13,26,44,22,19,53,60,19,51,7,1,0,0,3,1,0,0,0,0,0,0,0,21,18,2,18,15,4,5,17,26,6,26,3,9,11,3,14,10,8,4,8,6,2,16,2,3,1,1,1,2,5,0,1,0,0,1,1,4,1,0,1,2,0,0,2,2,0,1,0,23,19,9,18,16,10,2,19,16,4,14,4,0,1,0,1,0,0,0,0,0,0,1,1,4,8,4,6,10,4,1,10,5,1,10,3,15,17,2,8,25,13,2,16,10,2,21,4,8,11,0,3,5,1,0,4,7,0,12,0,9,14,0,7,15,2,0,5,6,0,7,0,33,37,7,33,43,29,11,38,41,7,48,9,36.0,51,6,38,52,13,12,26,35,4,26,8
N11,43,55,22,67,58,78,33,65,57,39,62,22,0,0,0,1,2,1,1,2,0,1,1,1,33,30,11,16,23,16,7,17,17,19,12,13,9,10,7,13,19,19,4,13,13,8,13,7,8,5,3,7,3,8,2,2,3,8,5,6,1,4,0,4,3,1,1,1,2,4,4,0,25,30,11,20,19,22,6,17,17,10,17,6,4,2,1,1,1,1,0,0,0,3,0,2,12,12,12,13,15,17,7,11,19,10,9,4,6,9,7,10,12,9,8,8,14,12,9,1,19,7,10,16,10,10,8,35,21,9,17,10,3,3,2,5,1,3,1,5,5,7,1,1,62,57,23,54,45,59,21,53,50,51,61,28,58.0,53,29,63,63,64,23,42,67,41,49,33
N12,40,34,40,45,56,49,53,59,68,63,66,39,2,1,1,1,1,3,0,2,0,1,0,2,20,21,31,19,23,19,20,19,18,21,24,34,23,28,16,15,5,36,6,10,9,15,18,10,1,4,9,5,3,5,6,6,5,4,6,10,4,1,2,2,3,1,2,4,2,2,3,1,30,34,29,37,26,28,19,20,23,23,53,53,1,2,1,1,1,2,1,1,0,2,2,3,14,7,16,10,13,13,18,5,11,14,10,11,14,18,13,10,11,6,17,10,11,13,37,16,9,11,10,23,19,9,14,11,12,9,6,20,6,12,13,15,5,7,5,3,3,6,10,9,37,40,48,37,43,53,52,43,42,36,63,40,37.0,39,48,31,50,55,64,46,82,46,56,41
N13,53,51,0,59,54,83,0,86,64,57,54,0,0,0,0,0,2,1,0,1,2,1,0,0,25,29,0,24,35,42,0,14,20,23,35,0,12,9,0,19,10,10,0,6,13,10,16,0,7,5,0,4,5,9,0,6,3,4,7,0,2,1,0,3,5,0,0,1,2,1,4,0,23,23,0,24,25,27,0,8,16,15,21,0,0,0,0,1,0,3,0,3,2,0,3,0,9,8,0,7,10,16,0,8,9,15,16,0,7,8,0,11,16,9,0,10,12,11,6,0,0,7,0,8,5,4,0,6,10,14,15,0,5,6,0,4,12,8,0,6,3,10,4,0,49,46,0,55,54,60,0,35,43,56,47,0,63.0,46,0,53,47,61,0,48,49,41,42,0
N14,54,45,10,54,52,42,2,45,48,41,42,6,1,1,0,2,2,0,0,2,1,0,0,0,26,24,6,15,22,18,2,17,22,24,24,6,14,8,4,8,9,10,0,16,23,5,10,3,4,3,0,0,1,2,0,2,1,0,3,0,2,2,1,3,2,0,0,3,0,0,1,0,12,14,5,27,18,8,0,9,12,20,14,0,1,2,0,0,1,0,0,3,0,1,2,0,3,5,2,10,9,7,1,5,9,11,15,3,17,12,2,15,7,11,1,9,15,16,16,3,7,3,2,6,5,4,1,12,5,5,5,0,3,10,1,6,4,5,0,5,1,6,4,0,61,108,14,36,50,51,2,35,48,41,51,14,39.0,41,7,35,34,47,5,33,29,23,35,3
N15,117,121,0,145,134,1,0,164,167,0,165,0,5,8,0,7,9,0,0,6,13,0,6,0,58,57,0,64,54,2,0,38,27,0,44,0,30,35,0,29,24,0,0,31,33,0,20,0,34,45,0,23,29,0,0,28,19,0,28,0,5,10,0,6,6,0,0,3,4,0,3,0,53,57,0,58,63,0,0,39,44,0,33,0,6,3,0,6,6,0,0,4,2,0,5,0,23,26,0,27,19,0,0,33,36,0,35,0,49,39,0,40,56,0,0,83,80,0,91,0,19,16,0,23,23,0,0,9,25,0,26,0,11,19,0,30,21,0,0,11,21,0,29,0,72,52,0,72,64,0,0,58,91,0,66,0,162.0,141,0,139,157,3,0,143,128,0,127,0
N16,124,132,0,143,191,178,0,211,177,182,168,0,17,13,0,24,27,21,0,19,12,32,21,0,55,65,0,51,59,70,0,35,62,65,48,0,32,20,0,15,36,28,0,23,25,19,31,0,21,22,0,22,25,24,0,33,25,19,20,0,2,10,0,4,6,5,0,6,4,6,1,0,56,55,0,68,61,56,0,59,54,55,59,0,5,6,0,3,3,3,0,5,6,3,0,0,35,32,0,39,46,27,0,33,23,30,38,0,39,13,0,21,41,36,0,18,24,27,31,0,10,22,0,10,9,21,0,9,12,7,7,0,19,23,0,18,27,29,0,14,13,17,20,0,51,52,0,48,46,57,0,62,61,66,52,0,121.0,101,0,118,141,110,0,133,127,107,119,0
N17,171,161,0,188,209,163,0,213,222,0,195,0,8,7,0,4,6,10,0,7,7,0,3,0,53,67,0,75,54,56,0,46,34,0,51,0,50,48,0,43,38,38,0,46,34,0,32,0,37,44,0,36,32,35,0,36,39,0,43,0,8,14,0,12,4,5,0,6,6,0,10,0,72,64,0,45,59,38,0,45,55,0,59,0,7,11,0,6,4,4,0,9,3,0,5,0,35,32,0,38,42,25,0,42,39,0,47,0,50,54,0,56,47,46,0,53,73,0,110,0,12,16,0,33,31,15,0,12,19,0,28,0,15,20,0,26,24,22,0,8,14,0,37,0,174,114,0,124,136,116,0,81,108,1,89,0,188.0,187,0,211,205,158,0,216,194,0,190,0
N18,79,95,0,104,124,132,0,144,90,122,124,0,5,4,0,2,3,7,0,3,2,3,1,0,24,31,0,37,25,19,0,22,29,22,19,0,22,14,0,28,25,26,0,7,16,20,25,0,23,20,0,22,17,18,0,13,22,15,17,0,4,5,0,6,2,3,0,5,2,3,2,0,33,46,0,31,30,29,0,32,22,22,12,0,3,6,0,1,7,7,0,5,8,5,2,0,15,16,0,30,18,16,0,10,17,19,26,0,14,17,0,21,20,19,0,16,23,23,31,0,7,4,0,4,8,4,0,4,9,6,4,0,7,9,0,9,5,12,0,6,8,12,3,0,57,62,0,53,50,61,0,46,53,50,65,0,89.0,89,0,86,87,103,0,78,95,101,91,0
N19,80,90,5,95,126,3,7,104,127,1,91,0,5,4,0,9,10,0,0,3,4,1,0,0,58,36,1,29,27,6,2,26,29,1,22,0,20,11,0,24,21,5,3,12,16,4,16,0,12,4,0,14,8,2,1,12,3,0,9,0,2,2,0,7,4,0,0,3,1,0,4,0,31,39,0,31,37,0,3,40,24,1,29,0,6,2,0,1,1,0,0,3,2,0,2,0,12,13,0,32,28,2,1,17,22,2,19,0,24,15,1,18,18,1,0,11,14,1,24,0,6,11,0,19,11,0,0,8,16,0,6,0,5,15,0,8,24,1,1,12,10,0,13,0,54,38,4,56,49,3,3,25,46,4,45,0,96.0,90,2,99,95,16,10,73,77,7,84,0
N2,24,26,27,40,32,41,30,31,28,17,33,18,0,0,0,0,4,0,0,3,0,1,0,3,16,16,17,15,16,13,15,16,20,5,27,22,8,10,25,9,9,14,9,8,5,6,6,7,2,1,3,0,1,5,2,2,4,0,1,2,1,0,1,1,3,0,1,1,2,1,3,2,8,24,19,12,17,6,9,9,13,14,8,13,0,1,1,0,1,1,0,0,0,0,1,0,6,5,4,2,9,4,9,4,3,9,8,4,5,9,6,10,8,7,9,7,2,8,23,9,2,3,0,2,0,1,3,4,1,0,4,2,0,3,2,0,4,6,3,1,0,1,3,1,28,22,30,30,29,25,23,24,20,20,32,30,14.0,18,20,42,24,15,26,33,25,28,28,24
N20,27,22,25,35,31,30,23,28,15,19,44,39,0,1,1,0,1,1,1,0,0,0,1,1,29,12,23,14,13,13,25,16,20,17,25,26,6,3,12,4,6,6,2,3,10,5,5,8,1,1,2,2,2,2,3,4,3,0,4,1,2,2,0,1,1,3,0,1,0,2,1,1,13,16,11,19,14,10,7,6,12,3,8,15,0,0,0,2,1,2,1,1,0,0,1,0,4,8,6,1,4,4,5,10,2,5,4,10,3,7,1,1,2,3,8,1,7,1,5,5,1,1,6,0,4,3,3,4,4,4,1,0,1,2,5,0,0,0,3,3,1,0,2,2,31,30,32,28,19,28,23,15,21,36,28,26,14.0,19,25,20,26,17,24,22,21,19,24,21
N21,21,37,1,29,23,50,0,44,24,26,31,0,0,2,1,0,1,0,0,0,0,0,0,0,22,18,7,27,24,25,0,11,13,22,22,0,2,11,2,10,5,7,0,12,3,7,12,0,4,1,0,3,4,3,0,3,1,2,1,0,2,1,0,3,2,0,0,2,0,4,1,0,7,11,3,4,12,10,0,16,8,11,9,0,0,1,0,0,0,0,0,1,0,0,0,0,4,3,3,5,7,4,0,1,2,5,5,0,1,0,1,2,8,12,0,5,2,4,3,0,1,3,0,7,3,7,0,3,3,13,5,0,1,1,0,2,2,2,0,0,1,1,0,0,33,29,15,26,29,22,0,31,19,37,37,0,22.0,21,5,28,23,32,0,20,20,23,27,0
N22,90,100,0,111,115,80,0,128,91,3,136,0,3,2,0,1,8,4,0,0,3,0,3,0,21,25,0,34,37,21,0,21,25,0,34,0,36,28,0,17,36,13,0,27,19,0,21,0,28,26,0,24,20,19,0,13,6,0,18,0,8,9,0,2,6,4,0,2,4,0,4,0,56,60,0,78,87,55,0,46,53,1,57,0,12,4,0,5,4,4,0,4,4,0,6,0,26,19,0,14,38,14,0,24,29,0,29,0,25,24,0,42,31,15,0,6,20,1,23,0,40,34,0,26,46,22,0,23,39,0,31,0,49,42,0,53,48,25,0,23,19,0,39,0,59,51,0,65,39,46,0,50,62,3,46,0,123.0,113,0,96,137,77,0,121,118,2,102,0
N3,32,36,43,41,56,52,53,55,38,44,32,39,0,0,1,0,0,2,0,0,2,0,3,1,27,20,17,22,17,23,21,15,24,19,15,12,8,24,36,10,5,8,6,8,12,10,8,13,4,7,11,3,5,6,0,4,3,1,7,0,0,0,1,1,4,1,1,2,1,0,2,1,16,29,16,15,12,14,14,13,11,17,14,18,0,0,2,2,1,0,0,0,0,0,0,0,5,10,12,4,7,7,13,5,6,19,10,11,6,5,5,5,7,7,5,7,9,10,3,10,8,10,11,5,6,5,9,3,3,7,10,3,1,6,3,5,3,4,5,1,1,4,5,2,48,27,41,31,36,43,36,27,31,37,35,38,25.0,40,36,23,44,37,29,29,35,41,53,27
N4,148,137,0,175,174,58,0,222,180,62,180,0,10,9,0,8,13,4,0,12,15,3,10,0,81,54,0,55,65,18,0,40,34,19,46,0,36,30,0,30,24,6,0,18,22,4,25,0,25,22,0,22,30,13,0,21,26,12,21,0,5,4,0,3,2,1,0,1,4,3,5,1,64,58,0,70,74,16,0,59,55,12,64,1,4,5,0,4,4,2,0,4,2,2,5,0,24,24,0,28,32,5,0,35,38,8,22,0,53,29,0,30,35,13,0,43,49,7,31,0,17,20,0,16,21,1,0,12,11,3,18,0,30,46,0,34,61,21,0,36,18,10,27,0,70,61,0,87,75,18,0,52,72,13,75,0,98.0,123,0,116,132,34,0,118,115,32,90,0
N5,50,40,0,55,39,0,0,53,67,1,45,0,4,5,0,4,9,0,0,17,8,1,7,0,35,33,0,19,28,2,0,21,14,1,25,0,11,12,0,9,7,4,0,19,11,2,6,0,5,3,0,5,6,0,0,11,5,0,6,0,2,2,0,1,4,0,0,0,1,0,0,0,25,18,0,25,29,0,0,19,14,0,31,0,3,2,0,2,1,0,0,1,1,0,1,0,6,12,0,10,6,0,0,14,16,0,9,0,7,6,0,19,20,0,0,16,11,0,19,0,6,1,0,3,3,0,0,3,5,0,1,0,9,12,0,20,18,0,0,15,24,1,19,0,14,25,0,33,25,0,0,20,33,0,37,0,49.0,49,0,43,57,2,0,39,48,2,46,0
N6,30,18,18,51,44,10,11,42,32,8,37,0,0,0,0,1,3,0,1,3,0,1,0,0,38,24,2,20,29,6,3,17,23,6,28,0,7,11,1,7,6,2,1,4,6,0,4,0,2,3,0,2,0,1,0,0,3,0,1,0,0,1,0,0,1,0,0,3,0,0,0,0,13,14,4,7,16,5,5,13,4,4,15,0,0,0,0,0,1,0,0,0,0,0,2,0,3,11,0,4,10,0,1,6,9,1,2,0,5,14,0,4,15,2,1,1,4,1,5,0,2,1,1,0,1,1,1,0,2,0,0,0,1,3,0,3,5,0,4,3,1,0,1,0,25,47,7,32,32,5,4,36,55,8,34,0,17.0,27,5,28,22,2,2,26,10,5,21,0
N7,113,104,1,140,149,2,3,186,157,5,131,0,10,10,0,12,12,0,0,14,12,0,12,0,74,43,0,35,58,1,0,38,36,1,46,0,33,38,1,32,37,0,1,14,24,1,24,0,18,24,2,28,26,1,0,16,21,0,35,0,8,10,0,7,14,1,0,7,3,0,2,0,80,55,1,65,59,0,0,37,47,2,56,0,5,4,0,6,8,1,0,3,2,0,1,0,33,24,0,26,50,1,2,36,29,0,31,0,18,24,1,24,32,2,0,15,16,0,23,0,17,16,0,36,34,0,0,22,20,0,32,0,30,34,0,35,40,3,0,25,33,0,40,0,63,46,1,43,48,0,1,37,59,0,50,0,134.0,125,1,142,112,4,1,105,121,5,134,0
N8,82,73,0,74,99,0,0,125,117,0,118,0,3,3,0,5,10,0,0,10,11,0,1,0,53,33,0,28,43,0,0,52,39,0,26,0,19,16,0,24,16,0,0,15,18,0,27,0,13,7,0,12,17,0,0,10,9,0,8,0,4,5,0,2,5,0,0,2,2,0,3,0,49,39,0,48,55,0,0,50,47,0,39,0,4,1,0,2,2,0,0,2,5,0,3,0,13,17,0,24,22,0,0,17,20,0,17,0,14,17,0,19,26,0,0,16,15,0,15,0,14,10,0,19,13,0,0,14,9,0,2,0,7,11,0,10,13,0,0,3,7,0,8,0,47,47,0,49,42,0,0,54,52,0,70,0,69.0,71,0,83,72,0,0,83,71,0,62,0
N9,105,86,10,112,135,152,0,164,121,129,120,0,2,1,0,2,3,4,0,7,4,5,2,0,44,46,8,35,24,21,0,29,33,41,54,0,36,27,5,29,27,33,0,20,32,23,35,0,18,13,0,33,19,22,0,20,22,12,21,0,8,6,1,10,13,3,0,6,1,3,7,0,38,37,2,25,37,36,0,18,30,46,21,0,3,4,0,5,6,7,0,3,3,6,3,0,10,17,1,17,22,21,0,23,18,15,17,0,16,8,0,16,15,15,0,15,13,22,31,0,5,8,1,7,2,9,0,9,7,16,25,0,12,13,0,17,12,13,0,8,11,11,8,0,54,32,12,46,39,59,0,44,45,62,45,0,134.0,95,17,127,139,141,0,114,146,137,122,0
NW1,228,261,271,317,238,272,306,335,309,238,302,0,24,26,39,38,28,25,37,19,41,39,18,0,53,54,51,54,80,69,55,69,78,57,63,0,40,30,44,29,39,35,38,55,39,38,39,0,52,57,58,75,80,55,51,66,91,75,94,0,5,4,11,9,5,3,7,5,8,10,10,0,167,190,200,200,166,166,180,174,172,153,189,0,5,3,9,7,6,4,3,5,5,7,9,0,32,55,56,62,66,62,53,57,52,51,54,0,34,33,43,38,34,37,42,46,26,37,39,0,36,33,34,27,22,27,18,27,26,26,26,0,77,99,140,115,86,85,86,76,69,127,119,0,44,47,56,62,39,43,35,44,43,52,49,0,152.0,198,169,216,200,207,209,243,205,179,204,0
NW10,249,236,295,298,308,306,357,346,272,314,269,216,11,9,10,8,11,16,10,11,7,8,10,4,69,59,82,72,75,66,38,83,73,75,74,53,62,62,76,72,84,69,60,66,58,60,54,53,53,31,55,51,45,71,104,78,80,61,49,27,11,13,15,6,6,10,3,7,13,5,10,3,84,94,111,84,91,79,64,66,85,91,85,69,8,6,6,11,6,7,11,3,12,9,9,2,51,48,73,54,63,60,64,63,50,64,58,39,43,36,41,59,29,42,31,39,29,39,36,29,28,28,34,36,39,18,13,32,29,18,22,20,19,19,22,20,16,22,12,17,20,24,21,17,169,169,184,126,172,159,79,89,158,147,138,126,297.0,233,300,270,308,281,262,277,236,317,277,236
NW11,41,45,79,62,57,72,90,82,45,61,51,44,1,0,3,2,1,3,9,1,2,1,1,0,33,37,34,30,24,39,36,24,32,23,34,23,7,19,13,6,18,11,14,11,2,5,12,19,2,4,5,2,4,5,9,3,2,3,6,0,1,4,2,2,1,2,2,0,2,3,1,1,30,42,34,38,32,48,24,23,25,26,25,27,3,2,0,1,0,0,0,0,0,2,0,1,13,14,17,14,10,17,12,13,13,6,12,13,3,5,15,9,7,7,4,9,3,14,5,9,8,10,17,13,17,6,8,7,10,7,8,11,5,11,12,11,8,5,14,6,5,8,9,6,46,44,53,47,30,55,53,28,50,42,42,38,60.0,33,48,56,41,55,45,52,31,37,45,44
NW2,132,163,154,158,183,217,233,217,181,202,168,165,3,4,3,4,9,4,6,4,2,1,2,1,64,72,54,71,70,80,49,53,49,41,56,56,40,34,52,29,45,40,32,35,38,34,27,27,18,19,18,14,7,11,29,26,12,23,20,14,5,6,8,7,4,5,5,9,5,6,7,7,49,65,42,56,49,41,46,45,42,44,39,45,2,6,3,3,5,6,3,3,8,5,3,3,20,19,24,20,21,24,45,27,30,28,21,32,19,25,24,26,17,22,23,22,25,20,6,17,19,14,17,10,12,11,8,9,10,13,11,26,10,10,8,10,7,7,15,8,5,9,6,6,143,98,124,99,91,104,78,62,115,122,98,112,149.0,131,141,144,122,171,169,120,149,150,122,112
NW3,62,74,104,103,109,126,141,104,83,111,99,0,8,6,3,12,7,6,14,11,13,7,6,0,66,48,52,62,63,37,42,45,61,55,44,1,21,20,34,22,19,22,13,17,10,22,18,0,11,5,7,16,6,13,9,7,17,8,11,0,2,4,5,4,4,2,3,1,1,1,2,0,63,52,78,56,79,48,54,36,30,67,41,0,2,1,0,2,4,4,0,3,4,1,0,0,13,12,28,15,46,28,23,14,15,24,14,1,18,34,15,23,22,19,38,14,24,41,39,0,18,21,18,15,20,17,27,15,16,25,18,0,15,18,14,8,9,11,11,10,29,24,28,0,90,120,100,56,50,77,78,58,66,60,62,2,61.0,52,77,71,70,81,83,66,92,58,67,1
NW4,60,50,72,56,78,74,79,57,70,86,82,51,3,0,1,3,4,2,4,1,5,4,2,2,23,23,31,32,43,38,32,21,28,32,23,30,24,14,17,19,19,17,19,17,9,11,13,10,13,2,16,6,4,4,4,9,6,9,10,4,1,2,8,2,4,4,5,4,2,2,3,1,42,34,41,39,28,43,44,38,24,27,31,36,2,5,0,3,1,2,4,1,1,1,1,0,9,8,17,13,16,13,21,15,13,16,16,12,14,10,5,7,5,4,13,9,10,16,23,18,57,46,52,41,49,56,71,43,43,40,39,35,18,25,21,20,23,26,23,16,7,16,29,17,39,35,74,53,48,68,35,28,41,46,60,33,58.0,65,79,56,57,57,74,53,65,62,71,62
NW5,72,56,86,93,75,91,99,85,70,82,67,0,6,6,7,3,17,7,12,7,11,4,6,0,35,31,20,26,28,17,24,23,21,23,16,0,14,16,21,5,24,15,22,24,11,13,12,0,11,11,17,21,10,14,16,8,23,12,19,0,1,0,6,3,4,2,4,0,2,4,3,0,29,33,39,27,28,34,28,26,23,33,30,0,2,3,1,0,0,2,1,2,3,2,1,0,19,13,20,15,16,12,29,19,15,18,13,0,12,15,20,11,6,7,11,1,18,10,6,0,4,8,8,7,10,9,8,2,4,8,11,0,20,13,17,13,7,7,10,6,9,9,42,0,39,24,34,26,23,24,14,27,33,21,30,0,69.0,58,78,69,58,60,78,49,64,78,68,0
NW6,137,128,167,182,145,192,206,182,162,157,141,51,6,7,3,9,6,11,13,14,6,6,8,1,63,54,66,64,69,69,67,64,52,52,55,32,45,21,24,37,32,21,19,23,21,27,24,10,9,7,16,9,25,19,19,19,19,20,21,6,3,6,1,7,5,2,7,3,6,2,5,2,79,74,57,66,84,63,69,51,60,65,64,24,1,1,5,4,2,5,2,4,7,3,4,4,14,21,36,22,39,29,29,23,34,32,32,12,39,20,26,39,31,18,10,17,15,31,27,11,29,17,20,23,32,19,23,29,29,13,21,8,23,21,37,21,20,24,21,10,22,32,25,4,106,61,66,71,51,60,61,65,57,71,77,32,131.0,114,124,144,127,126,112,119,124,112,103,76
NW7,31,41,29,43,53,29,55,58,35,43,32,31,2,1,0,0,1,3,2,2,1,1,1,1,22,26,23,21,22,16,12,21,20,18,31,24,4,6,13,13,7,11,6,10,12,4,4,8,7,4,3,1,6,3,1,1,3,3,1,3,2,0,0,0,2,4,1,4,2,2,1,2,43,34,61,70,36,31,27,34,20,25,27,28,0,1,1,0,1,0,1,0,0,0,0,0,9,4,11,5,16,6,9,6,5,7,11,11,1,7,3,4,7,5,6,1,7,5,4,9,4,5,5,6,7,3,9,3,4,5,2,4,2,3,2,3,5,0,2,2,4,9,3,2,29,40,24,29,37,43,32,35,39,35,36,40,32.0,25,40,29,33,37,52,36,34,29,47,49
NW8,11,11,12,60,10,8,17,102,90,20,64,0,0,0,1,2,0,0,1,3,6,3,0,0,1,4,2,22,1,2,2,26,28,8,28,0,1,1,0,21,1,1,0,9,8,3,15,0,0,1,1,10,3,0,1,17,15,4,23,0,1,0,0,1,0,0,0,1,2,0,0,0,2,2,4,22,1,0,1,35,14,2,20,0,0,0,0,1,0,0,0,0,3,0,1,0,0,0,0,18,1,0,0,19,14,1,7,0,2,0,0,28,3,4,2,11,9,1,16,0,0,0,0,11,0,0,0,3,4,0,7,0,0,0,0,9,0,1,0,4,5,0,7,0,2,5,4,31,3,3,4,26,31,5,22,0,6.0,5,1,40,13,3,6,58,44,5,52,0
NW9,153,141,158,171,165,198,208,184,195,181,135,138,1,5,1,3,2,6,4,3,8,2,4,2,44,37,48,38,39,50,44,38,27,44,66,69,36,25,29,22,32,35,38,25,32,37,37,35,26,27,35,25,17,30,30,39,22,19,26,15,3,1,7,7,7,7,3,5,3,3,7,7,47,48,49,35,55,43,34,40,39,57,48,49,4,5,1,8,4,4,1,5,2,3,2,3,25,14,26,22,25,29,43,24,24,21,33,21,17,18,17,13,17,19,20,17,22,9,25,15,14,20,11,20,16,26,15,8,14,16,19,31,7,8,10,6,8,23,5,7,7,9,9,3,74,62,79,108,114,108,56,56,86,93,64,80,124.0,149,172,106,148,149,150,126,172,146,142,148
SE1,222,82,0,301,365,0,0,399,337,0,322,0,43,14,0,92,85,0,0,72,56,0,49,0,94,18,0,90,88,0,0,87,101,0,82,0,68,13,0,60,59,0,0,49,40,0,59,0,53,20,0,69,87,0,1,77,65,0,96,0,9,0,0,5,4,0,0,10,14,0,12,0,330,99,0,451,403,0,0,339,331,0,381,0,13,1,0,5,8,0,0,7,8,0,3,0,42,11,0,64,76,0,1,88,60,0,45,0,51,14,0,78,84,0,0,93,98,0,116,0,37,6,0,38,39,0,0,62,42,0,34,0,134,39,0,213,194,0,1,211,252,0,239,0,80,8,0,84,77,0,0,74,67,0,54,0,241.0,72,1,253,269,1,0,248,276,0,232,0
SE10,67,63,0,83,79,96,0,96,80,116,85,0,5,8,0,10,27,17,0,8,12,9,9,0,34,35,0,31,20,35,0,33,32,19,23,0,25,15,0,24,15,22,0,15,24,24,28,0,7,4,0,12,4,8,0,5,8,19,22,0,2,1,0,5,1,1,0,2,1,3,2,0,48,51,0,45,53,44,0,45,42,54,58,0,0,1,0,0,0,1,0,4,0,1,2,0,13,13,0,29,20,22,0,22,13,22,20,0,9,8,0,9,6,8,0,17,19,19,24,0,25,22,0,21,43,35,0,19,19,27,40,0,6,12,0,13,9,5,0,4,5,10,29,0,49,30,0,42,46,47,0,56,41,36,58,0,64.0,66,0,107,73,114,0,97,81,97,86,0
SE11,45,45,0,46,48,0,0,65,70,0,60,0,9,5,0,2,8,0,0,7,9,0,7,0,14,10,0,16,36,0,0,16,17,0,12,0,10,12,0,9,9,0,0,8,9,0,7,0,16,15,0,23,15,0,0,17,14,0,15,0,3,1,0,2,2,0,0,4,0,0,1,0,19,20,0,37,27,0,0,20,31,0,18,0,4,2,0,2,1,0,0,5,3,0,0,0,9,12,0,8,9,0,0,14,10,0,9,0,4,6,0,7,10,0,0,11,10,0,13,0,3,3,0,1,6,0,0,6,4,0,5,0,11,9,0,3,5,0,0,10,13,0,22,0,16,11,0,15,22,0,0,16,15,0,17,0,35.0,50,0,52,77,0,0,46,42,0,55,0
SE12,21,15,0,46,39,13,0,50,30,5,22,0,5,4,0,3,2,0,0,0,2,0,2,0,33,14,0,16,18,4,0,12,15,5,24,2,9,6,0,8,13,2,0,8,8,0,8,0,6,2,0,2,7,1,0,3,5,0,2,0,3,0,0,1,7,0,0,1,5,3,3,0,13,5,0,13,18,4,0,17,19,1,6,0,2,0,0,1,0,0,0,1,0,0,0,0,12,4,0,16,9,5,0,13,8,5,6,0,7,2,0,3,0,0,0,6,5,1,3,0,3,4,0,5,8,0,0,5,5,0,5,0,3,0,0,2,4,1,0,3,0,0,0,0,31,15,0,19,22,14,0,34,28,8,35,0,50.0,25,0,47,52,9,0,42,73,20,63,0
SE13,103,82,0,93,135,5,0,120,112,1,84,0,11,10,0,4,5,0,0,17,15,1,7,0,53,32,0,29,40,0,0,46,36,1,38,0,37,32,0,40,34,2,0,22,31,2,34,0,26,33,0,20,29,0,0,30,25,3,30,0,6,5,0,6,5,0,0,3,5,0,6,0,49,60,0,75,64,3,0,45,50,2,67,0,6,10,0,4,8,0,0,2,2,0,8,0,30,21,0,38,45,0,0,43,39,1,36,0,28,11,0,9,19,3,0,18,43,4,29,0,33,24,0,18,23,0,0,43,24,0,26,0,17,15,0,26,29,0,0,32,20,0,19,0,64,50,0,52,60,1,0,44,47,1,43,0,151.0,114,0,143,163,8,0,154,140,8,159,0
SE14,45,50,0,67,70,0,0,90,70,0,61,0,1,0,0,5,3,0,0,1,4,0,1,0,12,16,0,21,32,0,0,19,26,0,21,0,13,18,0,17,17,0,0,13,12,0,13,0,10,4,0,12,16,0,0,17,11,0,7,0,1,1,0,5,2,0,0,1,3,0,2,0,26,23,0,22,28,0,0,30,17,0,27,0,2,0,0,0,0,0,0,5,1,0,3,0,7,11,0,9,10,0,0,19,16,0,19,0,29,12,0,23,14,0,0,15,33,0,13,0,5,5,0,13,10,0,0,6,6,0,5,0,22,15,0,23,13,0,0,18,15,0,18,0,20,22,0,31,28,0,0,29,32,0,33,0,64.0,61,0,74,67,0,0,65,74,0,65,0
SE15,28,3,0,174,142,0,0,190,157,0,136,0,2,0,0,8,15,0,0,16,14,0,6,0,20,1,0,41,48,0,0,28,43,0,45,0,11,0,0,41,42,0,0,35,23,0,39,0,28,0,0,33,45,0,0,47,31,0,36,0,2,0,0,5,8,0,0,3,11,0,10,0,15,0,0,69,64,0,0,53,46,0,57,0,3,0,0,2,12,0,0,2,8,0,3,0,5,0,0,36,39,0,0,30,25,0,40,0,20,2,0,70,49,0,0,23,38,0,35,0,10,0,0,22,28,0,0,18,13,0,15,0,1,0,0,41,46,0,0,63,61,0,49,0,33,3,0,63,75,0,0,53,43,0,52,0,63.0,4,0,173,161,0,0,155,146,0,153,0
SE16,83,3,0,113,117,0,0,171,109,0,104,0,11,0,0,11,24,0,0,22,12,0,18,0,44,0,0,33,47,0,0,39,27,0,53,0,32,1,0,24,29,0,0,32,19,0,22,0,21,0,0,24,25,0,0,32,20,0,27,0,4,1,0,3,5,0,0,4,3,0,3,0,36,1,0,46,59,0,0,39,26,0,43,0,1,0,0,5,2,0,0,7,3,0,3,0,20,2,0,22,22,0,0,29,28,0,22,0,26,0,0,20,31,0,0,24,49,0,33,0,15,1,0,17,14,0,0,18,18,0,13,0,45,0,0,42,40,0,0,18,50,0,45,0,45,4,0,41,50,0,0,33,53,0,49,0,125.0,3,0,99,95,0,0,136,127,0,139,0
SE17,67,0,0,101,131,0,0,108,94,0,97,0,7,0,0,7,8,0,0,10,4,0,4,0,22,0,0,35,27,0,0,27,30,0,23,0,22,0,0,36,23,0,0,26,17,0,19,0,25,0,0,34,23,0,0,44,31,0,34,0,2,0,0,4,2,0,0,4,6,0,6,0,24,0,0,28,49,0,0,35,27,0,35,0,2,0,0,2,3,0,0,1,3,0,4,0,21,0,0,14,19,0,0,27,23,0,23,0,17,0,0,19,22,0,0,23,26,0,32,0,18,0,0,18,11,0,0,9,12,0,14,0,8,0,0,13,12,0,0,22,17,0,38,0,37,0,0,40,30,0,0,19,37,0,29,0,81.0,0,0,102,100,0,0,113,94,0,74,0
SE18,151,175,0,169,209,224,0,224,197,192,150,0,4,9,0,8,3,4,0,7,9,5,5,0,70,48,0,75,72,58,0,35,43,41,46,0,59,47,0,64,56,49,0,42,46,55,46,0,35,37,0,30,32,44,0,62,55,49,42,0,8,6,0,7,8,13,0,6,6,11,12,0,81,61,0,59,73,77,0,58,48,72,47,0,8,4,0,7,4,6,0,4,10,10,6,0,40,27,0,26,59,59,0,57,65,46,44,0,28,13,0,20,30,17,0,23,23,19,26,0,25,45,0,32,41,36,0,38,51,41,64,0,18,11,0,12,19,14,0,7,6,17,19,0,86,79,0,76,75,73,0,65,57,76,85,0,197.0,187,0,225,224,234,0,233,264,204,226,0
SE19,34,34,28,47,41,41,14,47,57,32,53,4,1,0,1,3,2,0,0,0,0,1,1,0,14,16,11,32,19,9,4,15,23,16,19,1,13,9,5,9,17,7,3,11,15,4,13,3,7,4,4,4,7,5,4,7,6,4,5,3,1,2,2,0,4,3,0,2,5,0,1,0,14,16,9,19,22,5,7,13,6,9,14,3,0,0,2,2,1,2,2,4,1,0,1,0,5,7,6,12,5,8,7,9,17,12,9,1,4,5,1,4,8,2,3,9,8,5,6,6,1,7,2,8,2,2,0,5,3,3,5,0,1,1,0,1,7,3,0,2,1,2,5,0,24,25,27,27,28,21,3,28,42,28,39,8,57.0,48,45,44,65,40,15,46,53,27,59,10
SE2,44,31,13,39,53,59,38,73,48,81,36,13,3,1,1,2,1,0,1,1,1,3,2,0,23,7,3,18,19,22,5,13,18,19,14,4,24,19,3,24,17,24,8,8,22,21,15,1,11,7,4,10,11,13,7,19,8,17,11,3,2,2,1,0,4,3,1,3,5,2,3,1,23,14,9,16,18,13,1,9,9,5,20,1,2,1,0,3,2,3,0,3,3,0,3,1,11,10,1,11,15,14,2,20,7,12,12,0,5,1,0,3,6,10,4,10,11,8,1,1,3,4,0,9,7,4,0,8,4,8,10,2,4,2,1,7,1,0,2,3,1,1,1,1,73,54,9,39,44,30,21,44,67,66,37,7,56.0,53,19,57,60,67,12,75,66,73,53,15
SE20,41,40,44,56,56,69,85,61,69,66,67,32,2,0,1,2,3,0,0,2,0,0,0,0,21,25,22,17,30,17,11,19,28,15,13,11,16,13,15,21,16,21,19,23,14,24,19,6,19,16,17,13,16,10,10,16,10,7,10,6,1,3,3,1,5,6,3,3,3,7,2,0,14,14,13,22,17,15,10,17,17,21,17,8,2,0,6,4,2,4,0,1,0,2,0,1,20,18,19,20,25,15,20,12,12,16,13,6,6,2,4,8,6,9,3,5,8,3,3,2,12,17,15,10,26,17,5,6,3,8,5,3,1,2,1,2,1,1,0,1,0,1,2,1,48,35,48,28,39,39,40,40,37,85,38,11,62.0,57,62,62,75,68,78,69,67,55,60,23
SE21,3,6,0,14,9,0,0,11,12,0,23,0,0,0,0,3,3,0,0,2,5,0,3,0,10,5,0,15,16,0,0,15,17,0,22,0,4,1,0,3,7,0,0,5,6,0,3,0,1,0,0,5,2,0,0,1,3,0,3,0,0,1,0,0,0,0,0,1,2,0,2,0,1,3,0,5,6,0,0,7,10,0,3,0,0,0,0,0,0,0,0,1,1,0,0,0,1,3,0,10,5,0,0,3,1,0,5,0,1,1,0,6,6,0,0,3,3,0,9,0,1,1,0,0,2,0,0,0,1,0,1,0,0,1,0,0,0,0,0,3,3,0,1,0,11,15,0,15,27,0,0,17,23,0,32,0,8.0,7,0,17,20,0,0,10,33,0,15,0
SE22,0,0,0,35,25,0,0,50,37,0,50,0,0,0,0,8,3,0,0,5,9,0,3,0,0,0,0,12,17,0,0,14,21,0,22,0,0,0,0,7,14,0,0,6,2,0,3,0,0,0,0,2,7,0,0,1,4,0,6,0,0,0,0,3,2,0,0,0,1,0,1,0,0,0,0,14,16,0,0,9,7,0,18,0,0,0,0,0,3,0,0,1,1,0,1,0,0,0,0,10,10,0,0,11,9,0,19,0,0,0,0,7,10,0,0,5,9,0,18,0,0,0,0,11,13,0,0,11,11,0,15,0,0,0,0,6,11,0,0,6,6,0,6,0,0,0,0,17,29,0,0,28,31,0,22,0,0.0,0,0,42,46,0,0,45,41,0,40,0
SE23,37,1,0,32,46,0,0,69,45,0,46,0,2,0,0,2,6,0,0,1,0,0,3,0,23,1,0,16,14,0,0,23,25,0,18,0,10,0,0,11,21,0,0,13,13,0,16,0,5,0,0,10,2,0,0,7,7,0,6,0,2,0,0,5,1,0,0,2,0,0,5,0,19,0,0,19,28,0,0,19,20,0,23,0,1,0,0,3,2,0,0,2,3,0,1,0,5,0,0,10,11,0,0,17,12,0,17,0,5,0,0,8,20,0,0,8,15,0,2,0,4,0,0,1,7,0,0,3,4,0,4,0,1,0,0,0,4,0,0,2,2,0,2,0,32,1,0,30,43,0,0,41,35,0,43,0,48.0,0,0,55,63,0,0,65,72,0,57,0
SE24,24,27,0,33,27,0,0,42,23,0,27,0,1,1,0,3,6,0,0,10,4,0,5,0,12,12,0,12,19,0,0,14,22,0,12,0,9,9,0,8,11,0,0,5,7,0,5,0,2,2,0,2,2,0,0,4,1,0,5,0,1,1,0,2,2,0,0,1,3,0,2,0,6,5,0,11,12,0,0,5,7,0,13,0,1,0,0,0,2,0,0,1,1,0,0,0,7,5,0,7,7,0,0,2,8,0,11,0,6,4,0,4,2,0,0,4,12,0,3,0,0,1,0,2,4,0,0,5,3,0,5,0,0,0,0,4,3,0,0,2,2,0,3,0,23,14,0,25,25,0,0,10,20,0,25,0,20.0,22,0,34,34,0,0,34,25,0,31,0
SE25,73,47,69,62,91,82,0,71,57,63,59,0,2,1,1,2,2,5,0,1,1,0,1,0,26,33,23,25,17,10,0,30,28,32,28,0,28,25,37,28,26,21,0,16,20,18,24,0,10,18,17,15,18,10,0,12,23,39,9,0,3,2,4,8,5,4,0,4,2,9,1,0,19,22,20,18,24,21,0,24,16,27,12,0,6,4,3,4,4,4,0,2,7,10,4,0,10,8,12,13,20,19,0,11,11,13,11,0,6,1,7,6,8,12,0,5,5,14,14,0,4,10,7,2,3,11,0,4,6,8,10,0,2,3,3,2,4,8,0,1,1,0,1,0,51,28,51,44,34,29,0,22,36,62,34,0,80.0,76,80,82,77,90,0,86,83,94,68,0
SE26,50,3,4,63,73,3,9,71,67,3,41,5,1,0,0,1,3,0,0,2,1,0,0,0,30,1,6,26,33,5,5,16,21,6,24,3,17,4,0,22,20,5,2,10,12,0,13,2,9,2,3,9,6,0,1,8,11,0,11,2,1,0,0,1,3,0,0,1,3,0,5,0,13,1,2,13,25,3,5,16,20,0,11,2,2,0,0,0,4,1,0,2,2,0,1,0,10,0,1,18,10,0,1,12,13,0,16,1,5,1,0,6,9,1,1,5,5,1,4,2,9,0,0,20,22,0,0,9,8,0,7,0,0,0,0,4,1,0,0,1,4,0,1,0,49,6,3,38,68,9,8,36,40,14,55,8,67.0,2,9,63,69,4,6,67,55,4,54,5
SE27,31,48,0,52,43,0,0,58,40,0,46,0,3,0,0,0,3,0,0,1,0,0,5,0,12,16,0,15,18,0,0,9,13,0,19,0,8,8,0,7,11,0,0,7,6,0,8,0,8,10,0,6,7,0,0,4,4,0,3,0,3,0,0,1,0,0,0,3,0,0,0,0,15,12,0,6,9,0,0,11,6,0,11,0,2,0,0,0,1,0,0,2,0,0,1,0,13,11,0,11,11,0,0,16,17,0,15,0,9,3,0,4,7,0,0,7,2,0,2,0,7,4,0,6,4,0,0,2,9,0,4,0,2,0,0,2,3,0,0,2,5,0,0,0,20,13,0,28,33,0,0,28,18,0,19,0,45.0,27,0,43,38,0,0,48,52,0,44,0
SE28,37,28,4,44,45,43,4,53,36,30,35,14,2,2,0,3,3,0,0,0,4,1,0,0,11,13,0,20,25,12,0,9,12,12,7,5,16,13,1,22,24,25,1,16,17,14,17,4,5,0,0,6,6,2,1,2,3,8,6,1,5,6,0,4,6,5,2,5,3,6,6,2,14,7,0,12,16,17,2,11,11,6,7,1,1,0,0,2,0,1,1,0,1,0,1,0,3,7,1,6,14,8,0,16,5,14,11,3,3,3,0,0,2,6,0,3,3,4,3,0,1,1,0,5,13,8,0,2,2,9,4,0,3,1,0,0,0,2,0,2,2,0,1,0,38,33,2,22,28,47,1,35,40,47,23,4,66.0,83,12,68,80,62,14,73,107,72,74,11
SE3,38,30,0,34,57,40,0,51,40,34,24,0,5,2,0,1,0,4,0,3,2,1,1,0,29,28,0,32,34,22,0,37,22,23,26,0,13,16,0,12,17,18,0,10,21,9,17,0,3,5,0,6,3,7,0,10,4,3,9,0,2,1,0,1,27,3,0,2,3,4,6,0,27,26,0,22,30,22,0,22,16,14,14,0,1,4,0,1,1,2,0,1,1,2,4,0,19,8,0,8,16,10,0,13,12,4,4,0,5,5,0,2,4,2,0,5,9,14,7,0,1,10,0,8,8,6,0,14,8,1,12,0,2,2,0,4,4,0,0,3,1,1,3,0,57,56,0,51,41,56,0,58,51,44,50,0,42.0,43,0,46,67,51,0,53,66,44,38,0
SE4,45,23,0,39,53,0,0,69,43,0,43,0,3,1,0,2,6,0,0,0,2,0,1,0,27,23,0,22,22,0,0,21,18,0,17,0,13,12,0,21,8,0,0,10,12,0,12,0,4,4,0,7,7,0,0,4,3,0,9,0,1,0,0,1,3,0,0,1,0,0,1,0,16,22,0,17,13,0,0,20,14,0,14,0,3,0,0,1,1,0,0,4,1,0,3,0,3,6,0,8,22,0,0,9,17,0,12,0,8,2,0,6,9,0,0,4,5,0,7,0,2,7,0,5,8,0,0,5,6,0,3,0,4,2,0,3,2,0,0,1,4,0,2,0,37,43,0,36,33,0,0,20,27,0,35,0,57.0,49,0,61,73,0,0,46,57,0,54,0
SE5,55,15,0,82,94,0,0,123,99,0,110,0,11,2,0,12,34,0,0,6,13,0,6,0,22,10,0,42,59,0,0,49,40,0,49,0,25,6,0,30,27,0,0,36,29,0,25,0,19,3,0,21,21,0,0,36,19,0,19,0,3,1,0,5,4,0,0,5,1,0,2,0,36,14,0,48,52,0,0,30,38,0,43,0,4,1,0,2,6,0,0,7,6,0,3,0,25,5,0,12,28,0,0,29,26,0,25,0,13,0,0,19,15,0,0,7,27,0,26,0,14,3,0,10,11,0,0,6,10,0,6,0,7,3,0,17,13,0,0,34,31,0,37,0,42,9,0,48,38,0,0,27,33,0,57,0,110.0,24,0,124,149,0,0,138,105,0,133,0
SE6,68,0,0,106,121,0,0,160,101,0,101,0,2,0,0,4,7,0,0,8,5,0,2,0,37,0,0,43,42,0,0,47,53,0,26,0,32,0,0,40,41,1,0,38,32,0,40,0,26,0,0,18,29,0,0,39,35,0,34,0,9,0,0,8,5,0,0,7,8,0,6,0,44,0,0,52,45,0,0,51,28,0,51,0,7,0,0,5,11,0,0,4,6,0,8,0,30,0,0,22,33,0,0,31,35,0,30,0,19,0,1,17,16,0,0,14,12,0,10,0,26,0,0,34,29,0,0,23,28,0,21,0,8,0,0,14,10,0,0,5,10,0,10,0,63,1,0,47,73,0,0,47,52,0,44,0,129.0,0,0,156,148,0,0,126,166,1,183,0
SE7,36,30,0,32,51,45,0,42,36,28,33,0,0,1,0,1,4,4,0,2,2,1,1,0,18,26,0,40,43,23,0,17,19,9,13,0,16,16,0,8,20,15,0,16,14,20,8,0,6,3,0,7,8,9,0,7,6,6,7,0,5,2,0,3,3,4,0,1,3,1,6,0,19,25,0,18,17,18,0,14,16,11,12,0,4,2,0,2,1,3,0,2,3,3,0,0,6,15,0,8,12,10,0,13,14,17,10,0,1,1,0,6,6,4,0,7,6,5,8,0,16,26,0,30,25,21,0,21,12,16,20,0,1,1,0,3,3,2,0,1,3,3,3,0,55,36,0,35,54,51,0,43,34,41,38,0,37.0,53,0,62,62,56,0,46,62,55,39,0
SE8,64,29,0,58,87,10,0,85,79,5,65,0,6,3,0,3,6,4,0,8,9,0,2,0,9,29,0,22,38,2,0,21,19,3,22,0,20,17,0,26,19,3,0,15,12,1,11,0,12,3,0,11,10,1,0,21,6,3,16,0,6,6,0,2,1,0,0,8,2,0,3,0,25,14,0,26,27,2,0,19,27,2,38,0,0,0,0,0,2,1,0,6,3,0,1,0,15,3,0,12,15,0,0,18,11,0,15,0,9,6,0,12,15,0,0,14,18,4,6,0,14,5,0,10,12,6,0,6,10,2,6,0,6,6,0,7,9,0,0,8,11,2,9,0,17,32,0,40,41,8,0,36,29,0,23,0,72.0,37,0,73,68,6,0,86,77,13,95,0
SE9,95,96,12,89,102,75,26,113,103,86,102,17,2,2,1,3,3,2,1,3,3,2,2,2,68,54,5,45,38,48,3,43,25,42,51,9,47,21,5,50,33,36,2,23,57,38,39,9,9,8,2,5,7,18,3,12,17,15,10,3,5,2,0,9,4,2,0,5,7,5,6,1,44,40,5,49,40,38,6,45,34,32,43,0,3,2,0,2,4,3,0,2,0,1,3,0,30,13,4,23,25,28,1,26,43,29,39,4,4,16,1,10,11,14,1,4,10,15,7,2,16,13,7,21,53,28,11,36,50,33,28,2,11,6,0,10,5,6,0,3,4,14,6,0,63,75,9,68,66,71,17,104,66,67,73,11,129.0,119,22,134,132,162,21,118,151,142,146,19
SW1,24,26,0,281,27,0,0,350,302,0,307,0,1,0,0,28,4,0,0,28,25,0,15,0,9,8,0,54,4,0,0,68,63,0,75,0,1,6,0,36,5,0,0,39,39,0,43,0,8,6,0,49,10,0,0,36,36,0,48,0,2,1,0,6,1,0,0,2,8,0,8,0,16,16,0,338,23,0,0,273,224,0,247,0,0,0,0,9,0,0,0,19,16,0,7,0,5,4,0,66,3,0,0,62,67,0,47,0,5,10,0,50,11,0,0,50,39,0,50,0,17,19,0,62,25,0,0,71,55,0,73,0,6,9,0,191,7,0,0,257,109,0,216,0,34,37,0,72,29,0,0,54,42,0,100,0,15.0,5,0,229,16,0,1,191,217,0,192,0
SW10,34,37,0,40,51,3,0,43,43,0,62,0,5,2,0,3,4,0,0,8,10,0,3,0,8,12,0,13,8,0,0,24,19,0,18,0,14,7,0,13,10,0,0,10,9,0,5,0,8,6,0,3,6,0,0,3,5,0,5,0,2,1,0,2,1,0,0,1,1,0,0,0,21,31,0,26,32,0,0,17,20,0,20,0,0,0,0,0,3,0,0,3,0,0,1,0,8,11,0,5,20,0,0,8,10,0,13,0,7,5,0,3,2,0,0,2,6,0,7,0,1,6,0,3,4,0,0,4,2,0,3,0,4,1,0,2,0,0,0,5,6,0,5,0,36,19,0,32,32,0,0,22,26,0,26,0,35.0,38,0,40,47,2,0,34,49,0,36,0
SW11,0,0,0,123,0,0,0,186,128,0,139,0,0,0,0,20,0,0,0,18,12,0,23,0,0,0,0,46,0,0,0,44,38,0,69,0,0,0,0,26,0,0,0,19,36,0,29,0,0,0,0,19,0,0,0,17,15,0,24,0,0,0,0,5,0,0,0,1,3,0,9,0,0,0,0,78,0,0,0,61,56,0,85,0,0,0,0,2,0,0,0,3,6,0,5,0,0,0,0,28,0,0,0,38,37,0,42,0,0,0,0,27,0,0,0,15,31,0,19,0,0,0,0,27,0,0,0,25,28,0,27,0,0,0,0,12,0,0,0,10,10,0,15,0,0,0,0,67,0,0,0,54,62,0,79,0,0.0,0,0,115,0,0,0,129,119,0,123,0
SW12,8,9,0,49,13,0,0,46,36,0,45,0,2,1,0,32,3,0,0,10,8,0,5,0,2,11,0,32,2,0,0,37,28,0,22,0,2,2,0,8,3,0,0,9,12,0,9,0,1,2,0,8,0,0,0,1,2,0,2,0,0,1,0,0,1,0,0,0,1,0,0,0,5,4,0,39,5,0,0,23,27,0,34,0,0,0,0,0,2,0,0,0,0,0,3,0,1,0,0,12,2,0,0,11,8,0,16,0,0,1,0,1,2,0,0,4,9,0,7,0,1,1,0,14,1,0,0,16,17,0,15,0,1,0,0,7,1,0,0,6,0,0,10,0,5,5,0,35,13,0,0,25,36,0,33,0,9.0,17,0,37,5,0,0,30,46,0,44,0
SW13,25,0,0,21,16,0,0,13,22,0,24,0,5,0,0,5,3,0,0,5,5,0,8,0,10,0,0,18,11,0,0,11,7,0,6,0,2,0,0,2,6,0,0,5,3,0,5,0,3,0,0,1,0,0,0,1,0,0,1,0,0,0,0,0,0,0,0,0,1,0,0,0,3,0,0,10,5,0,0,7,10,0,8,0,0,0,0,0,0,0,0,1,0,0,0,0,2,0,0,6,3,0,0,1,4,0,5,0,1,0,0,3,2,0,0,4,3,0,5,0,7,0,0,4,4,0,0,2,2,0,3,0,2,0,0,3,0,0,0,1,1,0,1,0,28,0,0,26,19,0,0,19,23,0,26,0,12.0,0,0,20,25,0,0,13,24,0,14,0
SW14,18,0,0,15,18,0,0,21,19,0,15,0,4,0,0,3,7,0,0,6,2,0,5,0,17,0,0,14,10,0,0,13,7,0,13,0,7,0,0,5,9,0,0,5,8,0,8,0,0,0,0,3,0,0,0,0,3,0,3,0,3,0,0,0,1,0,0,0,3,0,2,0,11,0,0,7,7,0,0,8,6,0,9,0,0,0,0,0,0,0,0,0,0,0,0,0,4,0,0,3,3,0,0,4,5,0,5,0,4,0,0,6,1,0,0,1,6,0,2,0,2,0,0,2,8,0,0,10,4,0,1,0,3,0,0,4,1,0,0,0,1,0,0,0,30,0,0,20,19,0,0,5,12,0,24,0,11.0,0,0,17,17,0,0,16,24,0,28,0
SW15,4,5,0,128,5,0,0,134,88,0,86,0,0,1,0,6,1,0,0,19,12,0,15,0,2,4,0,32,1,0,0,49,41,0,58,0,4,3,0,20,1,0,0,17,18,0,27,0,1,0,0,8,0,0,0,13,8,0,16,0,0,0,0,4,0,0,0,3,2,0,6,0,6,1,0,51,0,0,0,41,42,0,47,0,0,0,0,1,0,0,0,0,2,0,1,0,0,0,0,31,0,0,0,20,35,0,19,0,0,0,0,5,0,0,0,7,23,0,4,0,0,0,0,10,0,0,0,14,17,0,14,0,0,0,0,9,0,0,0,8,3,0,13,0,1,4,0,80,0,0,0,45,44,0,73,0,9.0,2,0,108,6,0,0,131,129,0,122,0
SW16,86,111,21,165,158,24,0,215,207,21,156,0,5,3,0,9,9,2,0,5,11,0,4,0,50,38,10,48,48,6,0,77,74,9,52,0,28,22,7,37,36,3,0,32,36,7,29,0,10,15,12,15,20,3,0,22,19,9,17,0,5,4,2,7,5,2,0,0,6,2,8,0,62,54,12,67,82,6,0,72,80,10,51,0,7,2,0,6,2,0,0,4,3,0,3,0,23,19,6,43,25,8,0,37,24,15,32,0,15,17,5,25,17,3,0,13,27,7,36,0,26,19,0,27,24,1,0,18,23,3,13,0,11,12,0,10,8,1,0,6,12,1,13,0,70,45,11,60,75,13,0,70,62,19,86,0,128.0,109,32,155,142,26,0,165,180,36,190,0
SW17,8,0,0,114,15,0,0,146,134,0,109,0,1,0,0,18,0,0,0,17,22,0,15,0,1,0,0,51,2,0,0,44,45,0,36,0,2,0,0,35,3,0,0,33,22,0,29,0,0,0,0,20,1,0,0,23,7,0,19,0,0,0,0,6,1,0,0,6,5,0,3,0,7,0,0,63,3,0,0,58,38,0,70,0,0,0,0,5,0,0,0,2,2,0,5,0,1,0,0,33,2,0,0,35,30,0,28,0,0,0,0,13,0,0,0,13,15,0,19,0,0,0,0,34,2,0,0,25,27,0,23,0,0,0,0,23,0,0,0,10,16,0,15,0,6,0,0,47,3,0,0,54,66,0,59,0,9.0,0,0,168,11,0,0,138,138,0,133,0
SW18,0,0,0,89,1,0,0,122,81,0,82,0,0,0,0,10,0,0,0,14,14,0,14,0,0,0,0,36,0,0,0,40,36,0,32,0,0,0,0,24,0,0,0,22,19,0,25,0,0,0,0,13,0,0,0,11,17,0,9,0,0,0,0,4,0,0,0,6,6,0,3,0,1,0,0,46,2,0,0,38,38,0,42,0,0,0,0,2,0,0,0,0,3,0,1,0,0,0,0,27,0,0,0,26,15,0,23,0,0,0,0,5,0,0,0,13,33,0,13,0,0,0,0,13,0,0,0,14,15,0,13,0,0,0,0,5,0,0,0,5,5,0,6,0,0,0,0,68,0,0,0,69,65,0,99,0,0.0,0,0,73,0,0,0,80,65,0,86,0
SW19,109,0,0,120,109,0,0,121,113,0,94,0,7,0,0,16,17,0,0,14,19,0,7,0,69,0,0,49,42,0,0,39,63,0,58,0,20,0,0,25,25,0,0,22,31,0,28,0,19,0,0,26,12,0,0,20,19,0,34,0,7,0,0,7,11,0,0,5,4,0,4,0,51,0,0,60,64,0,0,52,45,0,60,0,4,0,0,0,3,0,0,3,1,0,2,0,16,0,0,25,21,0,0,30,41,0,42,0,8,0,0,19,13,0,0,18,11,0,16,0,39,0,0,36,34,0,0,44,42,0,33,0,6,0,0,17,16,0,0,9,12,0,19,0,58,0,0,65,36,0,0,60,49,0,55,0,87.0,0,0,92,88,0,0,96,107,0,158,0
SW2,118,105,0,128,142,0,0,166,154,0,105,0,5,3,0,7,9,0,0,7,9,0,1,0,36,51,0,46,38,0,0,49,36,0,38,0,39,32,0,24,34,0,0,24,33,0,21,0,23,32,0,22,30,0,0,16,36,0,19,0,13,6,0,8,11,0,0,6,3,0,16,0,40,49,0,39,51,0,0,19,32,0,38,0,5,4,0,6,5,0,0,4,5,0,5,0,24,29,0,23,32,0,0,31,22,0,18,0,10,12,0,20,14,0,0,20,27,0,11,0,11,7,0,12,17,0,0,4,7,0,14,0,16,15,0,9,14,0,0,10,9,0,8,0,50,55,0,56,60,0,0,36,51,0,56,0,115.0,124,0,120,135,0,0,119,106,0,129,0
SW20,24,0,0,15,36,0,0,44,31,0,35,0,2,0,0,1,3,0,0,5,4,0,3,0,35,0,0,9,10,0,0,14,17,0,17,0,7,0,0,8,7,0,0,2,13,0,6,0,2,1,0,1,5,0,0,2,2,0,2,0,0,0,0,0,1,0,0,2,3,0,1,0,19,0,0,12,22,0,0,9,11,0,6,0,0,0,0,0,1,0,0,0,0,0,1,0,5,0,0,9,10,0,0,6,2,0,4,0,2,0,0,4,2,0,0,5,3,0,7,0,3,1,0,4,1,0,0,5,5,0,1,0,0,0,0,2,0,0,0,0,2,0,4,0,50,1,0,19,8,0,0,17,18,0,19,0,25.0,2,0,27,35,0,0,34,31,0,21,0
SW3,53,41,0,65,57,0,0,54,60,0,61,0,9,4,0,7,8,0,0,8,5,0,12,0,33,27,0,34,15,0,0,37,41,0,40,0,9,15,0,10,14,0,0,5,7,0,12,0,17,9,0,8,3,0,0,10,15,0,8,0,0,1,0,2,1,0,0,2,0,0,1,0,73,57,0,58,58,0,0,82,66,0,55,0,1,0,0,0,2,0,0,1,0,0,0,0,5,8,0,5,12,0,0,8,11,0,13,0,13,14,0,6,9,0,0,9,5,0,14,0,25,19,0,26,23,0,0,29,19,0,27,0,24,26,0,14,35,0,0,26,18,0,24,0,63,57,0,53,82,0,0,38,47,0,63,0,26.0,33,0,37,34,0,0,39,39,0,51,0
SW4,71,87,0,76,105,0,0,138,75,0,113,0,11,12,0,9,11,0,0,10,8,0,15,0,38,31,0,38,34,0,0,36,28,0,46,0,17,22,0,21,14,0,0,15,20,0,20,0,34,23,0,22,22,0,0,13,12,0,17,0,2,1,0,5,3,0,0,3,4,0,5,0,65,65,0,74,79,0,0,77,43,0,61,0,1,2,0,1,7,0,0,3,1,0,3,0,21,12,0,14,18,0,0,14,15,0,14,0,7,6,0,7,6,0,0,20,11,0,20,0,16,12,0,26,15,0,0,8,9,0,7,0,20,36,0,27,27,0,0,65,23,0,16,0,55,40,0,39,40,0,0,45,29,0,46,0,89.0,93,0,77,75,0,0,81,73,0,80,0
SW5,43,45,0,46,60,0,0,72,54,0,61,0,2,5,0,6,5,0,0,2,1,0,3,0,16,17,0,19,18,0,0,18,24,0,11,0,5,4,0,8,6,0,0,3,2,0,6,0,13,21,0,11,8,0,0,7,12,0,10,0,3,0,0,2,0,0,0,0,0,0,0,0,32,33,0,39,41,0,0,33,27,0,44,0,1,0,0,1,1,0,0,0,2,0,2,0,7,7,0,7,10,0,0,7,10,0,15,0,3,5,0,10,3,0,0,2,7,0,11,0,1,8,0,5,4,0,0,7,5,0,3,0,5,9,0,9,13,0,0,7,5,0,9,0,12,13,0,14,17,0,0,19,15,0,17,0,40.0,21,0,37,26,0,0,29,36,0,29,0
SW6,127,123,0,142,158,182,0,125,125,0,123,0,14,33,0,32,30,43,0,30,30,0,14,0,52,65,0,63,51,52,0,65,51,0,59,0,41,28,0,27,25,32,0,27,11,0,29,0,13,9,0,19,17,14,0,31,12,0,10,0,2,1,0,7,1,4,0,5,7,0,2,0,65,74,0,60,70,73,0,57,54,0,69,0,3,3,0,2,1,1,0,1,2,0,1,0,38,36,0,36,33,19,0,37,43,0,39,0,10,15,0,9,15,20,0,10,9,0,19,0,21,29,0,13,14,26,0,18,23,0,24,0,12,22,0,11,19,16,0,15,8,0,9,0,101,95,0,107,83,68,0,87,72,0,115,0,120.0,127,0,132,126,129,0,98,119,0,122,0
SW7,37,46,0,37,32,0,0,33,49,0,43,0,2,2,0,9,6,0,0,12,11,0,6,0,13,16,0,22,18,0,0,27,26,0,28,0,5,8,0,6,9,0,0,8,4,0,11,0,4,8,0,9,12,0,0,12,4,0,9,0,3,0,0,2,1,0,0,0,0,0,2,0,74,56,0,90,62,0,0,61,58,0,100,0,1,0,0,0,2,0,0,0,1,0,1,0,5,5,0,11,10,0,0,7,10,0,6,0,7,9,0,15,7,0,0,6,14,0,18,0,6,3,0,6,2,0,0,3,0,0,1,0,8,10,0,20,12,0,0,17,9,0,18,0,38,34,0,59,35,0,0,55,68,0,53,0,25.0,24,0,23,22,0,0,44,26,0,34,0
SW8,42,53,0,88,73,0,0,132,92,0,80,0,12,5,0,14,8,0,0,7,15,0,20,0,10,16,0,20,9,0,0,24,23,0,28,0,12,5,0,21,14,0,0,11,24,0,15,0,32,33,0,6,16,0,0,22,18,0,17,0,5,0,0,3,5,0,0,5,7,0,3,0,26,50,0,51,31,0,0,36,27,0,32,0,4,3,0,1,3,0,0,3,3,0,0,0,14,9,0,12,17,0,0,25,17,0,24,0,6,8,0,9,9,0,0,9,9,0,12,0,16,6,0,13,6,0,0,8,8,0,9,0,10,7,0,6,6,0,0,10,8,0,17,0,32,23,0,29,16,0,0,27,31,0,29,0,55.0,53,0,76,62,0,0,73,89,0,80,0
SW9,136,128,0,116,166,0,0,185,138,0,136,0,10,5,0,11,10,0,0,10,14,0,14,0,29,31,0,34,29,0,0,28,40,0,37,0,29,30,0,35,40,0,0,23,29,0,17,0,52,58,0,42,44,0,0,29,30,0,42,0,4,8,0,3,10,0,0,8,1,0,4,0,104,82,0,96,106,0,1,65,53,0,75,0,10,12,0,8,7,0,0,6,5,0,4,0,16,28,0,30,33,0,0,30,29,0,35,0,18,30,0,27,23,0,0,16,20,0,31,0,20,28,0,32,26,0,0,31,36,0,33,0,59,62,0,48,57,0,0,31,33,0,76,0,34,41,0,17,22,0,0,20,34,0,21,0,159.0,163,0,151,165,0,0,157,167,0,159,0
W1,37,35,46,360,40,26,22,361,320,48,339,0,3,4,9,54,3,7,5,50,42,10,33,0,24,22,21,117,14,19,14,171,165,19,161,0,10,2,5,63,5,1,4,36,43,4,33,0,5,3,3,66,1,2,3,108,103,1,109,0,0,0,1,9,1,1,1,11,13,1,14,0,93,81,89,1117,80,87,55,878,825,107,989,0,0,0,0,7,1,0,1,11,8,0,13,0,4,10,7,83,11,9,5,96,79,9,72,0,2,7,3,186,10,12,11,149,148,10,141,0,16,14,32,252,16,14,12,258,209,13,247,0,21,25,51,1059,41,24,41,544,456,65,775,0,14,9,2,118,3,3,3,65,84,4,122,0,20.0,12,32,237,23,14,33,272,256,19,301,0
W10,63,61,1,100,83,5,1,118,84,0,89,0,4,10,0,4,11,1,0,13,6,0,12,0,20,20,0,19,17,1,1,22,21,0,35,0,18,14,1,27,9,1,1,22,16,1,31,0,22,12,0,28,24,1,0,221,26,0,19,0,1,2,0,2,3,0,0,3,1,0,2,0,29,35,1,23,35,1,0,39,43,2,44,1,4,4,0,7,3,0,0,7,2,0,3,0,16,16,1,29,25,0,1,29,21,0,32,0,12,5,0,13,11,0,1,25,24,0,15,0,9,7,0,5,10,0,0,8,6,0,7,0,12,20,0,9,17,0,0,45,7,0,7,0,27,30,1,45,22,1,1,26,46,0,34,0,76.0,71,1,99,91,2,4,153,115,5,109,2
W11,44,71,0,101,73,3,0,120,74,6,85,0,4,5,0,6,20,1,0,14,8,0,14,0,27,21,0,37,23,1,0,34,40,0,38,0,18,15,0,21,20,0,0,26,20,1,16,0,9,5,0,17,13,5,0,215,23,3,16,0,1,3,0,3,2,0,0,2,1,0,0,0,70,87,0,67,66,2,0,73,47,2,76,0,0,1,0,2,3,1,0,11,4,1,0,0,20,23,0,17,22,1,0,32,31,0,19,0,7,15,0,10,15,0,0,27,19,0,32,0,22,28,0,33,25,1,0,25,28,9,30,0,37,44,0,34,23,2,0,63,26,4,20,0,44,24,0,35,32,3,0,24,41,1,30,0,58.0,58,0,66,65,4,0,120,63,11,76,0
W12,141,135,0,204,147,185,0,173,170,133,145,0,20,13,0,22,33,24,0,21,23,29,10,0,60,48,1,36,32,26,0,39,42,35,29,0,30,29,0,25,31,28,0,33,34,35,32,0,43,34,0,53,57,43,0,59,33,31,35,0,11,13,0,15,10,17,0,6,10,13,8,0,81,76,1,105,92,91,0,89,47,77,92,0,8,5,0,8,5,4,0,5,5,3,5,0,34,36,0,33,38,54,0,38,47,39,52,0,15,25,0,47,22,33,0,23,17,29,24,0,60,42,0,47,73,67,0,36,37,48,63,0,21,25,0,30,21,22,0,15,15,37,31,0,37,40,0,64,46,64,0,41,59,62,45,0,148.0,135,1,162,169,162,0,152,157,140,177,0
W13,93,90,93,103,108,94,0,98,112,57,74,0,3,3,5,3,8,7,0,8,5,1,4,0,24,27,35,25,12,14,0,23,23,16,20,0,21,15,7,20,4,18,0,12,11,10,7,0,19,11,14,10,10,10,0,13,11,18,15,0,0,2,0,0,3,0,0,4,3,2,1,0,19,29,18,23,16,19,0,19,26,19,16,0,0,1,0,2,0,1,0,4,7,3,1,0,8,12,9,12,23,14,0,16,15,10,9,0,7,6,10,8,12,4,0,6,5,4,12,0,16,12,14,14,11,16,0,17,13,20,30,0,4,5,8,9,4,4,0,2,5,10,6,0,31,36,32,35,29,25,0,38,44,34,57,0,50.0,39,52,60,58,56,0,58,49,53,54,0
W14,75,68,0,83,59,56,0,114,84,23,57,0,13,10,0,14,8,17,0,16,9,2,8,0,29,22,0,25,18,14,0,19,32,19,17,0,31,16,0,27,20,7,0,15,10,6,14,0,17,10,0,10,23,10,0,12,9,6,15,0,3,2,0,0,2,0,0,0,1,2,2,0,30,26,0,34,29,28,0,32,29,13,36,0,2,0,0,1,1,1,0,2,0,1,0,0,14,12,0,20,12,9,0,21,16,5,9,0,6,6,0,15,3,2,0,5,13,1,11,0,4,5,0,3,4,5,0,6,3,4,5,0,2,3,0,4,7,5,0,4,3,3,13,0,26,26,0,41,59,29,0,32,27,27,42,0,52.0,52,0,51,71,57,0,74,61,32,81,0
W2,3,4,0,205,5,0,0,267,244,1,223,0,0,1,0,23,3,0,0,33,16,0,8,0,2,3,0,98,3,0,0,88,99,0,72,0,1,0,1,37,0,0,0,30,27,0,23,0,0,2,0,29,0,0,0,101,49,0,34,0,0,0,0,4,0,0,0,3,3,0,3,0,3,5,0,147,3,0,0,142,139,0,160,0,0,0,0,7,0,0,0,8,4,0,4,0,2,0,0,37,1,0,0,45,52,0,29,0,0,2,0,49,0,0,0,41,46,0,46,0,0,0,0,23,1,0,0,16,17,0,16,0,1,1,0,35,1,0,0,58,33,0,52,0,2,3,1,73,2,0,0,40,32,0,45,0,1.0,4,0,109,4,0,0,158,117,0,119,0
W3,143,151,162,178,189,170,0,130,131,146,132,0,4,4,11,12,14,4,0,9,8,10,8,0,34,38,43,39,48,49,0,31,43,42,34,0,27,39,45,25,42,31,0,30,24,26,26,0,29,17,48,16,15,10,0,11,20,15,24,0,9,8,7,6,6,4,0,2,6,5,7,0,58,61,57,38,41,55,0,38,43,50,69,0,8,3,9,1,2,2,0,6,4,3,4,0,20,28,38,27,29,23,0,32,37,25,24,0,11,12,28,9,25,18,0,22,24,13,22,0,11,16,13,17,13,19,0,18,20,19,20,0,8,7,11,6,7,18,0,10,2,7,12,0,82,94,97,95,86,77,0,48,64,83,78,0,109.0,111,123,105,113,120,0,111,104,114,93,0
W4,73,64,14,90,91,14,0,95,83,17,87,0,13,14,2,26,14,3,0,12,21,1,13,0,28,51,7,35,40,5,0,38,45,4,34,0,16,25,1,10,14,4,0,14,18,4,16,0,14,8,1,16,2,3,0,13,10,1,6,0,1,4,0,5,4,1,0,2,3,1,1,0,49,41,1,38,62,7,0,26,39,4,27,0,0,2,1,1,1,0,0,1,0,0,1,0,20,19,5,15,16,6,0,20,24,0,21,0,20,13,2,24,17,4,0,7,14,1,3,0,26,20,0,14,17,0,0,23,11,0,23,0,5,6,0,5,7,0,0,9,5,0,8,0,81,99,23,77,77,19,0,50,50,17,70,0,56.0,57,14,54,58,10,0,47,50,11,72,0
W5,100,114,158,149,103,112,0,119,94,129,108,0,6,7,15,14,13,14,0,8,18,13,10,0,41,33,53,44,41,40,0,34,43,28,36,0,23,19,28,24,30,18,0,17,19,20,22,0,30,8,20,13,19,13,0,10,13,21,11,0,6,5,4,2,4,3,0,2,3,4,6,0,63,61,82,57,53,52,0,46,56,51,46,0,3,1,0,1,4,2,0,4,1,1,1,0,24,16,25,25,33,24,0,22,20,16,18,0,29,20,15,38,28,21,0,9,17,13,27,0,15,25,30,19,23,24,0,19,16,29,30,0,24,23,36,27,27,19,0,23,12,24,20,0,66,55,109,83,85,60,0,47,83,94,81,0,84.0,85,113,82,95,88,0,90,82,92,101,0
W6,117,107,0,101,107,111,0,120,121,46,109,0,26,16,0,27,27,19,0,39,24,17,11,0,45,26,0,28,29,22,0,36,29,18,34,0,29,26,0,20,33,33,0,24,27,11,32,0,11,17,0,20,12,24,0,36,20,5,10,0,2,2,0,4,3,5,0,3,6,1,5,0,74,63,0,71,89,65,0,53,53,28,63,0,4,1,0,2,3,1,0,2,1,1,3,0,25,32,0,34,26,41,0,30,32,6,24,0,14,26,0,24,23,26,0,18,25,10,30,0,19,32,0,28,25,22,0,22,24,7,23,0,15,21,0,20,20,26,0,11,23,9,23,0,57,54,0,82,68,86,0,64,57,37,61,0,78.0,125,0,95,110,109,0,99,114,35,110,0
W7,46,51,54,58,44,45,0,65,49,38,48,0,3,2,0,1,1,3,0,1,3,2,1,0,23,24,16,16,10,5,0,15,18,30,21,0,12,21,22,14,10,8,0,6,14,15,13,0,8,7,5,6,8,4,0,3,13,6,3,0,0,1,5,0,3,0,0,0,4,3,3,0,16,9,20,11,7,11,0,16,10,11,10,0,2,1,0,1,2,1,0,1,2,1,0,0,9,9,10,10,13,6,0,7,4,6,10,0,4,4,4,8,9,4,0,6,0,8,1,0,3,2,7,3,5,3,0,2,3,4,2,0,6,3,1,3,2,6,0,1,2,3,0,0,27,26,21,24,29,8,0,21,18,22,33,0,34.0,45,35,53,48,54,0,52,46,45,66,0
W8,28,35,0,34,43,0,0,42,40,0,43,0,4,4,0,6,7,0,0,7,9,0,8,0,20,10,0,15,24,0,0,22,16,0,20,0,10,7,0,4,4,0,0,5,17,0,14,0,5,7,0,5,6,0,0,6,4,0,2,0,1,2,0,1,1,0,0,1,3,0,1,0,60,39,0,51,52,0,0,53,59,0,59,0,0,0,0,0,3,0,0,2,1,0,0,0,3,9,0,12,6,0,0,10,12,0,8,0,3,8,0,14,13,0,0,9,9,0,11,0,28,21,0,25,32,0,0,56,37,0,55,0,16,27,0,12,14,0,0,14,13,0,23,0,33,39,0,36,27,0,0,30,41,0,46,0,33.0,41,0,29,27,0,0,39,36,0,55,0
W9,3,3,3,90,2,1,2,116,100,5,65,2,0,0,0,6,0,0,0,5,14,0,9,0,0,2,0,37,0,0,0,32,35,0,46,0,1,0,0,16,0,0,0,27,20,0,12,0,0,0,0,12,0,0,0,73,13,0,16,0,0,0,1,0,0,0,0,1,2,0,2,0,1,0,0,28,0,0,0,35,23,1,29,0,0,0,0,3,0,0,0,4,3,0,4,0,0,0,1,19,0,0,0,22,12,0,19,0,0,0,0,5,0,0,0,8,15,0,16,0,0,0,0,7,0,0,0,4,1,0,11,0,0,0,0,3,1,1,0,6,5,0,4,0,0,0,0,41,0,1,0,39,34,1,26,0,1.0,1,0,59,1,2,0,86,53,1,71,0
WC1,192,171,212,208,187,184,227,209,166,181,163,0,38,37,36,38,39,29,22,36,42,39,33,0,60,57,52,49,54,65,51,61,64,52,41,0,26,30,25,18,32,16,18,26,9,8,19,0,18,28,45,17,26,14,16,26,29,24,29,0,5,5,3,5,5,1,2,5,2,1,5,0,255,272,188,237,267,223,190,181,199,267,244,1,12,2,2,4,1,4,1,3,1,3,3,0,23,22,26,40,23,22,31,31,17,27,30,0,32,32,29,44,46,36,42,46,34,51,38,1,17,14,25,19,33,24,16,30,12,26,22,3,109,158,168,140,106,139,191,173,142,225,166,2,71,52,54,49,47,59,42,56,50,30,54,0,98.0,79,81,77,79,77,89,85,79,101,89,0
WC2,42,38,58,249,70,87,66,221,204,55,226,0,9,15,10,37,9,6,9,20,22,10,24,0,24,17,8,31,21,10,20,43,36,22,76,0,7,6,8,21,5,3,7,24,29,5,26,0,9,11,12,33,4,12,5,66,66,9,65,0,2,3,3,2,0,1,4,3,6,0,1,1,97,97,111,578,91,77,65,215,302,109,372,0,0,1,2,2,1,1,2,7,4,1,9,0,6,7,11,47,8,12,13,54,49,10,48,0,1,13,13,62,16,8,7,59,57,19,64,0,22,31,20,94,23,25,11,46,60,16,69,0,46,57,79,408,48,67,39,176,171,35,249,1,16,14,19,29,11,20,14,26,35,34,43,0,22.0,29,20,139,25,21,27,154,136,27,152,0
